input,method,n,time_ms,steps,moves,comparisons
random,insert,100,0.012700,356,263,206
random,floyd,100,0.004700,327,220,177
descending,insert,100,0.005100,630,630,480
descending,floyd,100,0.004500,340,246,190
random,insert,1000,0.051600,3596,2606,2326
random,floyd,1000,0.042700,3400,2241,1900
descending,insert,1000,0.064400,9257,9257,7987
descending,floyd,1000,0.039300,3482,2492,1982
random,insert,10000,0.194800,32983,23001,22753
random,floyd,10000,0.139600,33772,22424,18772
descending,insert,10000,0.192500,123861,123861,113631
descending,floyd,10000,0.099200,34982,24992,19982
random,insert,100000,2.043000,391687,291708,227857
random,floyd,100000,1.047500,337911,224165,187911
descending,insert,100000,3.560900,1632776,1632776,1468946
descending,floyd,100000,0.456400,349978,249990,199978
