workload,variant,structure,n,time_ms,steps,moves,comparisons
W1,-,DynamicArray,100,0.067600,10000,0,0
W1,-,MyLinkedList,100,1.043700,501508,0,0
W2,-,DynamicArray,100,0.215700,75534,0,75534
W2,-,MyLinkedList,100,0.277500,75034,0,75534
W3,head,DynamicArray,100,0.485600,201000,200000,0
W3,head,MyLinkedList,100,0.067200,1000,3000,0
W3,middle,DynamicArray,100,0.396700,101000,100000,0
W3,middle,MyLinkedList,100,0.256800,99000,3000,0
W1,-,DynamicArray,1000,0.328900,10000,0,0
W1,-,MyLinkedList,1000,7.409400,5005208,0,0
W2,-,DynamicArray,1000,0.320200,751734,0,751734
W2,-,MyLinkedList,1000,1.431600,751234,0,751734
W3,head,DynamicArray,1000,0.112400,2001000,2000000,0
W3,head,MyLinkedList,1000,0.031700,1000,3000,0
W3,middle,DynamicArray,1000,0.071800,1001000,1000000,0
W3,middle,MyLinkedList,1000,1.431000,999000,3000,0
W1,-,DynamicArray,10000,0.039500,10000,0,0
W1,-,MyLinkedList,10000,80.529900,50129208,0,0
W2,-,DynamicArray,10000,2.920600,7403734,0,7403734
W2,-,MyLinkedList,10000,15.612100,7403234,0,7403734
W3,head,DynamicArray,10000,0.991800,20001000,20000000,0
W3,head,MyLinkedList,10000,0.015100,1000,3000,0
W3,middle,DynamicArray,10000,0.437600,10001000,10000000,0
W3,middle,MyLinkedList,10000,16.735400,9999000,3000,0
W1,-,DynamicArray,100000,0.016400,10000,0,0
W1,-,MyLinkedList,100000,849.603700,502489208,0,0
W2,-,DynamicArray,100000,49.147400,74743734,0,74743734
W2,-,MyLinkedList,100000,151.504600,74743234,0,74743734
W3,head,DynamicArray,100000,23.740800,200001000,200000000,0
W3,head,MyLinkedList,100000,0.007400,1000,3000,0
W3,middle,DynamicArray,100000,11.738700,100001000,100000000,0
W3,middle,MyLinkedList,100000,183.737500,99999000,3000,0
